ID,BWEIGHT
0,6.992622883074915
1,8.0139802103585
2,7.211014708776325
3,7.314720646028206
4,6.951168511923658
5,7.351431784905605
6,6.7220342338215175
7,7.240644976562577
8,8.363020298260256
9,6.434705125533135
10,8.036637787333927
11,7.473392406151516
12,7.746479761480728
13,7.407797981807718
14,4.853007929245766
15,6.768329574809139
16,7.515690451480355
17,7.147270223740772
18,6.2645339659612045
19,7.823530826098402
20,7.70206148360002
21,7.177008671807346
22,8.011112995486778
23,7.790844106678454
24,7.325241067220256
25,8.072601943891474
26,6.693042768074797
27,7.298396957824074
28,7.750693417700154
29,7.755069186882882
30,7.570764454632103
31,7.473392406151516
32,6.895521127837952
33,6.905960492548349
34,7.579434936515909
35,7.399955538725417
36,7.639415330609596
37,7.009747486281883
38,7.90589850392389
39,7.166380070334975
40,7.030258752611546
41,7.621732981844748
42,7.147378404021094
43,8.284308531096313
44,8.610430713507055
45,6.336570459356617
46,9.781069460508961
47,7.60895702402184
48,8.221392084862265
49,8.049413745156837
50,7.92874531766129
51,7.018336911684037
52,7.276528076638472
53,6.551225317914831
54,7.547468075617145
55,7.181195204228101
56,7.241283778602108
57,6.282324495006374
58,6.629487519801216
59,7.649854695319993
60,7.714810317624259
61,7.546148758068112
62,6.851795584679756
63,7.543173362916068
64,8.577414828302883
65,6.868677018441771
66,8.078935832662767
67,7.268955926799795
68,7.478449736548523
69,7.89473928069231
70,7.678846161066714
71,7.874310116549073
72,7.084570138067366
73,7.435199836761781
74,5.7372527413363406
75,7.323282947631691
76,8.006926463066023
77,6.891145358655224
78,6.715511108288251
79,7.168527426685514
80,7.72543891909663
81,7.766525827156758
82,7.126229381356675
83,7.7804047419680575
84,6.603242869432885
85,6.842621604835411
86,6.815111569601029
87,7.752921830532344
88,7.074022593076646
89,7.654041227740748
90,4.212819663726005
91,7.098746469920961
92,7.985858496883256
93,7.812101309623196
94,7.649215893280462
95,7.4255885108528865
96,8.404868778311538
97,6.091766930465953
98,5.272396684197995
99,7.571592493433608
100,7.668217559594344
101,7.484021007623886
102,7.056529481073771
103,8.263051328151573
104,7.2891958541810595
105,8.78614602035568
106,8.913868195143705
107,6.891145358655224
108,7.661991851103371
109,6.747288732425041
110,7.002202460241875
111,6.758447955656621
112,7.615290912793133
113,6.622325592228417
114,6.930577234817116
115,8.320722252931416
116,7.505170030288306
117,8.280013818395236
118,7.632253403036797
119,7.874352875723821
120,6.938457975206323
121,8.553929212525953
122,6.484613618007556
123,7.507506623400817
124,7.759066482541664
125,8.430312513677034
126,7.713344522487999
127,7.606917847951623
128,7.380764635649563
129,6.160298452654889
130,7.1517541732038215
131,5.8821266431299986
132,8.62951343630259
133,7.244642272221361
134,7.411795277466501
135,5.057633645359461
136,7.445909494715802
137,7.735959340288679
138,7.323201891150038
139,7.639253217646292
140,6.495431456241899
141,7.103014058823367
142,7.440403644746013
143,7.4436810818836125
144,5.613523237263836
145,5.845145211008978
146,8.07466824376036
147,8.108376863687045
148,7.147270223740772
149,6.870716194511987
150,7.827744482317826
151,6.749327908495258
152,7.519985164181431
153,6.948258537877189
154,6.8074583632807
155,1.0359021679330855
156,6.703563189266847
157,7.662819889904876
158,7.691513938609301
159,7.455110598358817
160,7.642882004509168
161,8.403549460762502
162,6.905960492548349
163,7.431094360822676
164,8.62513766711986
165,6.993721215120043
166,6.88481146988393
167,4.990000044945446
168,7.505061850007984
169,7.757108362953099
170,7.568617098281565
171,9.22219984850928
172,8.18889460220429
173,7.240536796282256
174,7.33157495599155
175,7.818516254876141
176,7.007789366693316
177,7.221535129968374
178,1.1692383729712192
179,7.505808832327837
180,7.484021007623886
181,6.839046750655518
182,7.321054534799501
183,7.454390739837634
184,7.937037326021149
185,8.75715455460896
186,7.979335371349989
187,8.263240564913543
188,8.540622632943833
189,8.27805569880667
190,7.742293229059973
191,6.469798484114429
192,7.831184032418729
193,6.0422259010826656
194,7.3887963154938365
195,2.746706277663086
196,7.445909494715802
197,7.609514769579718
198,7.771923496846226
199,7.255270873693731
200,8.122061916793108
201,7.200305050822304
202,7.539706689016496
203,7.357018691357046
204,8.179094039533425
205,7.791861382241932
206,7.597117285280756
207,7.351323604625284
208,7.673232130816603
209,6.421166550014296
210,6.990556583206029
211,7.304730846595367
212,7.709304467654471
213,7.927155706868631
214,6.658397929066285
215,7.325241067220256
216,7.019056770205219
217,4.925125479122832
218,7.6786569243047404
219,8.398534889540244
220,7.498727961236691
221,8.04289061962357
222,7.290104949464215
223,7.639415330609596
224,7.1114953039451985
225,5.788860070588517
226,9.239081282271291
227,7.132563270127968
228,7.07748926697622
229,7.0118137861507694
230,7.96945375219747
231,8.507444634776357
232,6.460187158205537
233,6.965491321364477
234,7.352086222321214
235,6.099339080304631
236,7.89473928069231
237,6.969407560541609
238,7.9157801230764075
239,4.670211751305995
240,6.296311590097995
241,6.956929019760995
242,7.688155444990051
243,7.750882654462127
244,8.777664775233848
245,6.4918183047551015
246,7.555949320738978
247,6.978759603639693
248,7.791672145479959
249,7.189568269069612
250,6.35342476931996
251,7.588446803396951
252,7.5432815431963895
253,8.042971676105221
254,7.734748203019967
255,7.274461776769584
256,8.11154149560106
257,5.73389424771709
258,7.234040794547659
259,7.579245699753935
260,6.5997761955333125
261,7.4945414288159355
262,7.280795665540878
263,6.648408129633445
264,7.459405311059894
265,7.38450160279276
266,6.950595130989701
267,7.176900491527024
268,6.841085926725735
269,7.716768437212824
270,7.345178952615964
271,7.979335371349989
272,7.251804199794157
273,6.947128457090127
274,7.365391756198557
275,6.907999668618567
276,6.797878786113738
277,7.717488295734007
278,5.925852186288196
279,8.242541107526684
280,7.831373269180703
281,6.850886489396601
282,7.505170030288306
283,8.132051716225948
284,6.666770993907796
285,6.186802385834029
286,7.231974494678773
287,7.999165076465375
288,7.7465879417610495
289,7.922222192128023
290,7.367349875787124
291,7.61510167603116
292,8.895888429336562
293,6.284406430251337
294,7.956147172615352
295,6.201806756489129
296,4.651848887031645
297,7.09324061995117
298,7.632253403036797
299,8.652620578555574
300,6.951314989510882
301,7.007789366693316
302,8.474757915356413
303,7.253994315319442
304,8.769633095389574
305,6.813521958808369
306,8.472799795767845
307,8.449314179990916
308,7.443762138365264
309,7.10926689111301
310,5.9385199638307835
311,6.14397371874598
312,8.093750966555893
313,7.6978478273805955
314,7.423441154502348
315,7.348456389753563
316,6.408498772471709
317,7.611743182411909
318,7.600394722418355
319,7.088880486144518
320,6.645621971243376
321,7.625838457783852
322,7.41627922692955
323,7.843959990241638
324,7.733730927456489
325,7.582302151387631
326,8.157945016869006
327,6.53836830361027
328,7.780593978730031
329,9.205237358265615
330,5.571609336106983
331,7.080545718609913
332,5.726732320144292
333,6.956929019760995
334,7.848974561463898
335,7.793072519510645
336,8.10633768761683
337,7.083931336027835
338,7.198985733273268
339,8.48136209737133
340,7.21798739958715
341,7.3154405045493895
342,7.769695084014034
343,8.448037621616626
344,6.767118437540427
345,6.445144490243532
346,6.157404113984498
347,8.343460886388495
348,4.370550579824226
349,7.867067132494623
350,7.327307367089144
351,8.026647987901088
352,7.547468075617145
353,7.98558820363963
354,6.5087380358240186
355,6.88703988271612
356,7.146059086472058
357,7.297758155784543
358,7.1156007798843035
359,6.74167470217493
360,7.60962294986004
361,6.889187239066659
362,7.153712292792388
363,7.186290831932012
364,8.911000980271982
365,7.014762057504142
366,7.020376087754254
367,6.33280636841475
368,7.621543745082775
369,7.150288378067561
370,7.706139835740454
371,7.9816719644625005
372,7.14112557173145
373,8.379425042946043
374,7.850104642250958
375,7.960144468274134
376,8.38157239929658
377,7.984349942572249
378,7.03519122164738
379,6.992893176318541
380,7.649215893280462
381,8.676679575266462
382,8.648434046134819
383,6.75780915361709
384,7.121934668655597
385,7.0229730093823495
386,4.137424676711342
387,6.156641496288567
388,7.363991382167871
389,8.112752632869775
390,7.570953691394077
391,6.700587794114803
392,7.278756489470661
393,6.985813350932167
394,8.074749300242011
395,7.769695084014034
396,7.431175417304328
397,7.636467059256223
398,6.8580484169694
399,6.904002372959785
400,7.946238429664165
401,7.64073464815863
402,8.074749300242011
403,7.848785324701924
404,8.441022171631055
405,6.389388925877506
406,7.685098993356355
407,7.5009834978675505
408,7.306050164144403
409,7.628894909417547
410,7.89473928069231
411,7.713344522487999
412,7.653321369219565
413,7.393810886716096
414,7.685098993356355
415,7.691513938609301
416,7.802192566672009
417,7.346390089884675
418,7.14112557173145
419,8.079493578220646
420,5.7528959140309714
421,9.247724640356427
422,6.798787881396896
423,6.726902327456552
424,7.549507251687362
425,7.020906709513463
426,6.178618557754492
427,7.092304400869345
428,7.768375766465001
429,6.445290967830759
430,7.186426136011002
431,7.567297780732531
432,6.546930605213754
433,6.7542614232358655
434,7.3676472928294165
435,7.304811903077019
436,8.38157239929658
437,7.231974494678773
438,5.861085800745901
439,6.914522794151834
440,8.402640365479348
441,8.083230545363843
442,7.937037326021149
443,7.989963972822359
444,7.146059086472058
445,9.209532070966691
446,6.98226457484617
447,4.71410045313227
448,6.743075076205616
449,7.158726864014646
450,7.406478664258684
451,7.176819435045372
452,6.978078042425414
453,7.968814950157939
454,6.220727366321357
455,7.428947004472137
456,6.952553250578266
457,6.717550284358468
458,6.4170610740751926
459,6.968277479754547
460,7.577926382204902
461,7.171139983689686
462,7.875629434098107
463,8.020314099129795
464,6.493922901930892
465,7.560054796678083
466,8.330874165327558
467,7.272233363937396
468,7.632172346555145
469,5.999819675473504
470,7.1599380012833596
471,8.39209282048863
472,7.77275153564773
473,7.263752118815563
474,6.544934188318285
475,7.839854514302535
476,5.272396684197995
477,7.274461776769584
478,7.505170030288306
479,7.592552279336054
480,7.469097693450438
481,7.505061850007984
482,7.282943021891416
483,7.403611449386962
484,7.243365713847071
485,7.0733027345554635
486,7.8418126338911
487,8.955527438433013
488,8.20175161650885
489,7.86296165655552
490,8.000484394014409
491,7.581393056104474
492,7.977485432041745
493,4.94340728691553
494,7.243512191434299
495,7.169274409005366
496,6.659799348801746
497,7.367539112549095
498,8.92366875781457
499,7.34721812868618
500,8.218795163234166
501,9.169192145226418
502,7.2363502638615
503,6.33227574665554
504,7.735959340288679
505,7.093132439670848
506,7.8418126338911
507,7.4317759220369535
508,7.8171158808454555
509,6.314291355905137
510,6.637887708441396
511,7.002094279961554
512,7.621732981844748
513,7.357018691357046
514,7.663841790411615
515,6.9429419246693715
516,7.361313404058123
517,5.893966381871085
518,7.958186348685569
519,7.659736314472511
520,6.916032394167615
521,7.915888303356729
522,8.511631167197113
523,7.925089406999745
524,7.978016053800955
525,6.689878136160781
526,7.456429915907851
527,7.29206306905278
528,7.371833825250172
529,7.87359025802789
530,8.155986897280437
531,8.695107860646386
532,7.484021007623886
533,5.642136229486613
534,7.754961006602561
535,6.362734053243297
536,7.486060183694103
537,7.259646642876458
538,8.674640399196244
539,6.468668403327369
540,6.1448017575474845
541,7.540004106058792
542,6.658971310000242
543,7.8763109953123855
544,8.011112995486778
545,7.198157694471766
546,6.580027546899578
547,7.664031027173588
548,7.297947392546516
549,6.957567821800526
550,7.128187500945239
551,7.452243383487096
552,7.626558316305035
553,7.575670845574042
554,8.479896302235069
555,7.723183382465771
556,6.599586958771338
557,6.999227065089834
558,4.882935614074314
559,6.671146763090524
560,7.146059086472058
561,6.849567171847568
562,7.604770491601084
563,6.394446256274513
564,8.011112995486778
565,8.246007781426256
566,8.023699716547714
567,7.1367498025487235
568,5.3924263096540095
569,8.513031541227798
570,7.4119845142284735
571,3.981024088594968
572,7.181384440990073
573,7.382273189960571
574,7.352534741893997
575,8.263537981955839
576,5.337163069740289
577,8.315977974952782
578,7.507290262840175
579,7.973190719340669
580,7.496580604886152
581,5.91718170440439
582,7.480554333724314
583,7.46920587373076
584,6.379777599968613
585,7.987816616471821
586,7.253123517343193
587,8.210232861630685
588,8.220753282822733
589,6.80010719894593
590,7.569445137083069
591,6.63080683735025
592,7.304920083357341
593,8.684290022412043
594,7.047113062574889
595,7.450096027136557
596,7.60895702402184
597,7.401572273316745
598,7.757108362953099
599,7.240644976562577
600,6.652594662054201
601,8.093750966555893
602,7.600394722418355
603,7.7612948953738545
604,7.920074835777485
605,7.458577272258389
606,7.61344097348489
607,7.083823155747513
608,7.500875317587229
609,6.642263477624125
610,7.409945338158256
611,8.000484394014409
612,7.304092044555836
613,7.304092044555836
614,7.64687930016795
615,0.8325957693684255
616,7.347137072204528
617,6.1141542141977565
618,7.426610411359627
619,7.457366134989678
620,7.096599113570422
621,6.029747360302049
622,6.73666013095267
623,7.8523330550831485
624,5.45874059251899
625,7.282943021891416
626,7.221454073486724
627,7.579245699753935
628,7.570845511113755
629,7.1156007798843035
630,8.989263182158368
631,6.728368122592812
632,7.829864714869696
633,7.231974494678773
634,7.313146670611625
635,7.409837157877934
636,7.302772727006802
637,7.579245699753935
638,5.426881911900548
639,7.594141890128713
640,5.451686845226513
641,7.748735298111589
642,8.037357645855108
643,7.419146441801272
644,7.139086395661233
645,7.714810317624259
646,7.86296165655552
647,7.694191916719049
648,7.748329700788972
649,9.069943033638914
650,1.9792993353158415
651,6.773641563073692
652,7.548106877656676
653,7.126229381356675
654,6.775723498318657
655,5.803972621523935
656,7.901073169463603
657,7.889125250442199
658,7.642692767747195
659,8.271721810035375
660,6.8825559332530695
661,7.055020926762764
662,7.486888222495608
663,7.797367232211721
664,7.735959340288679
665,8.282350411507746
666,6.798896061677217
667,7.937037326021149
668,8.435137848137321
669,7.020267907473933
670,7.534800298074558
671,6.407368691684648
672,4.473428478274602
673,1.1375689291147504
674,7.44805685106634
675,6.842594481036743
676,7.4487767095875235
677,7.86296165655552
678,6.938457975206323
679,8.057597573236373
680,8.411202667082833
681,7.634400759387336
682,7.464911161029683
683,7.06696884578417
684,7.518027044592867
685,4.8828274337939925
686,7.884110679219939
687,8.456665344325685
688,8.193081134625047
689,7.7677369644254695
690,7.0698360606558905
691,7.299905512135081
692,8.29912366498944
693,6.404123003288982
694,8.421831268555202
695,6.099339080304631
696,8.369543423793523
697,8.074560063480039
698,6.241535003988541
699,7.113453423533765
700,7.621543745082775
701,5.18240754879411
702,7.536947654425096
703,6.616819742258629
704,7.6977667708989435
705,9.482538369814254
706,7.642692767747195
707,8.5931708062211
708,7.606917847951623
709,7.6858188518775385
710,7.240644976562577
711,7.08272019875912
712,6.675171182547976
713,7.21184274757783
714,7.455029541877165
715,7.86081430020498
716,7.240644976562577
717,7.5241716966021865
718,7.304092044555836
719,7.892781161103745
720,5.722545787723536
721,6.222046683870394
722,4.039224589429249
723,7.230655177129737
724,4.138635813980054
725,7.442361764334578
726,7.845999166311855
727,7.1578988252131435
728,7.34443197029611
729,7.579434936515909
730,7.935718008472115
731,8.41335002343337
732,7.733622747176168
733,7.9369291457408275
734,8.14434102024459
735,4.43308855253433
736,7.260285444915989
737,7.579245699753935
738,7.6958086513103785
739,6.8658908600517
740,7.040205792869639
741,7.282943021891416
742,8.03449043098339
743,7.589955357707958
744,6.142546220916625
745,8.49040108805104
746,6.696401261694048
747,7.227869018739668
748,7.337827788281193
749,8.360872941909719
750,6.880705993944827
751,8.09804567925697
752,6.8074583632807
753,7.96945375219747
754,7.420465759350305
755,7.87713903411389
756,6.567359769356991
757,7.177728530328527
758,7.020906709513463
759,7.403503269106641
760,6.743822058525469
761,6.515071924595312
762,7.337719608000872
763,7.3696864688996335
764,8.000673630776381
765,8.214311213771119
766,8.104379568028264
767,7.5921027140584965
768,7.61958562549421
769,6.550126985869703
770,8.072601943891474
771,6.827779347143617
772,6.449558556733167
773,6.802065318534494
774,6.554691991814403
775,7.613251736722916
776,7.6435208065486995
777,7.384609783073081
778,7.03519122164738
779,6.601176569563998
780,7.687138169426572
781,8.017636121020047
782,8.379425042946043
783,8.170991267935538
784,5.576352568380843
785,7.801445584352155
786,5.798660633259383
787,8.368904621753993
788,7.958186348685569
789,6.260347433540449
790,7.459486367541547
791,6.695124703319761
792,7.90812691675608
793,7.307067439707879
794,8.397404808753182
795,7.536947654425096
796,7.5453207192666065
797,8.318125331303321
798,7.028938389357736
799,6.180387440581086
800,7.345178952615964
801,8.430393570158683
802,7.518476609870424
803,7.788885987089889
804,7.681074573898904
805,7.219495953898157
806,5.767072245884566
807,7.403719629667284
808,7.653321369219565
809,8.64395009667177
810,6.936418799136106
811,8.10633768761683
812,8.074560063480039
813,7.825039380409409
814,6.798149079357365
815,6.448649461450009
816,7.420465759350305
817,5.719079113823964
818,6.23983721291556
819,7.503850712739272
820,8.006899339267354
821,6.673104882679089
822,6.429539614855807
823,7.621354508320803
824,7.627877633854069
825,8.000673630776381
826,7.354871335006507
827,7.478406977373775
828,5.378249977800414
829,8.439702854082022
830,7.915888303356729
831,6.567359769356991
832,7.526319052952726
833,7.861642339006486
834,4.097208566627467
835,7.845999166311855
836,6.317460612762415
837,7.8119931293428735
838,8.13596795540308
839,7.55603037722063
840,7.282943021891416
841,7.759894521343169
842,7.0521537118910445
843,7.0698360606558905
844,7.647815519249776
845,7.018228731403715
846,7.083823155747513
847,7.671003717984413
848,6.6843722861909916
849,4.973037554701782
850,6.917227896060251
851,7.299905512135081
852,7.291316086732927
853,7.451032246218383
854,7.3062394009063745
855,7.523149796095448
856,6.720336442748537
857,5.883445960679035
858,7.427097065163894
859,6.987321905243174
860,7.832012071220234
861,5.9831546022721325
862,7.346390089884675
863,6.5786271728688925
864,7.755069186882882
865,7.907326001753245
866,7.314720646028206
867,7.609595826061371
868,7.790844106678454
869,7.0043498165924145
870,9.30475676309674
871,8.348772874653049
872,7.821302413266211
873,7.202983028932052
874,8.824707098541323
875,6.3818438998375
876,6.260347433540449
877,7.07748926697622
878,7.70561025968602
879,7.092304400869345
880,7.850483115774905
881,7.727397038685195
882,7.824850143647435
883,6.515195740251711
884,8.464129313884042
885,4.124037040647571
886,7.810035009754309
887,7.714729261142607
888,7.985858496883256
889,7.797897853970931
890,8.04511903245576
891,6.841317922662453
892,8.174160524792816
893,8.392201000768951
894,7.282943021891416
895,7.577926382204902
896,7.229486799035772
897,8.068226174708744
898,6.646450010044881
899,7.788885987089889
900,5.907423900908272
901,7.242603096151143
902,7.86296165655552
903,7.071983417006429
904,7.134791682960157
905,6.9787168444649454
906,7.3062394009063745
907,6.88982604110619
908,7.579803445311816
909,8.748034507447597
910,8.030861644120513
911,7.198346931233737
912,7.518665846632398
913,8.324648456836586
914,4.3295718520444195
915,6.928018610495925
916,6.8489283698080365
917,7.071983417006429
918,7.727288858404874
919,6.530076295250412
920,7.200305050822304
921,7.829864714869696
922,5.7372527413363406
923,6.4613172389925975
924,7.579245699753935
925,7.64073464815863
926,7.93153147605136
927,5.674444475382613
928,7.6977667708989435
929,7.066222909169092
930,7.608984147820509
931,7.479726294922809
932,7.0944517572198835
933,6.717550284358468
934,6.946300418288624
935,8.015380584389186
936,7.3345503511435926
937,7.674470391883985
938,7.226468644708982
939,5.962644381647244
940,6.61042043238176
941,7.431094360822676
942,7.538986830495313
943,7.291316086732927
944,7.390754435082403
945,6.572185103817278
946,7.958186348685569
947,7.518476609870424
948,7.7592557193036376
949,7.1608742203651845
950,7.2066389395935975
951,7.254140792906669
952,7.491182935196685
953,7.399955538725417
954,6.957502400694951
955,7.229935318608556
956,6.800746000985461
957,4.859531054779034
958,6.472135077226941
959,7.071983417006429
960,7.630853029006112
961,3.800251451349338
962,5.81951223888151
963,7.071794180244456
964,7.7677369644254695
965,8.17921785518982
966,6.9611155521817505
967,7.196199574883199
968,7.621543745082775
969,7.4678865561817265
970,7.198346931233737
971,8.223728677974773
972,7.756919126191125
973,5.868522646505588
974,8.282052994465454
975,7.897525439082379
976,7.632253403036797
977,7.484021007623886
978,6.98738732634875
979,7.358976810945613
980,6.859367734518433
981,7.946346609944486
982,7.526957854992257
983,7.630214226966581
984,8.154028777691872
985,7.541134186845851
986,7.275100578809115
987,7.200305050822304
988,7.721144206395554
989,7.683032693487469
990,9.099681481705488
991,7.926408724548779
992,7.41627922692955
993,7.050006355540506
994,7.293463443083465
995,7.4276276869231035
996,6.609765994966152
997,6.030277982061259
998,7.706329072502427
999,7.333830492622409
1000,7.623582921152992
1001,7.8403851360617445
1002,7.158726864014646
1003,8.161492747250229
1004,7.543362599678042
1005,7.1578988252131435
1006,7.486060183694103
1007,8.673580364458022
1008,7.196199574883199
1009,7.374851979576961
1010,7.021777507489713
1011,8.159156154137717
1012,7.452243383487096
1013,6.561664682625228
1014,6.768437755089461
1015,6.958968195831211
1016,7.72543891909663
1017,6.830565505533686
1018,7.405839862219153
1019,4.913777019129278
1020,8.148635732945667
1021,6.717550284358468
1022,7.75774716499263
1023,7.399316736685885
1024,6.567998571396522
1025,6.872224748822994
1026,7.306050164144403
1027,7.1156007798843035
1028,5.7324284525808284
1029,7.335869668692626
1030,7.98445812285257
1031,7.621732981844748
1032,7.212972828364892
1033,9.129122512729769
1034,7.814329722455386
1035,6.7374227486486
1036,7.600394722418355
1037,7.238686856974012
1038,7.244831508983332
1039,8.368904621753993
1040,4.484246316508947
1041,6.855073021817357
1042,8.00896563913624
1043,8.822110176913226
1044,7.96957756785387
1045,7.568617098281565
1046,6.234903698174953
1047,7.581582292866448
1048,7.284901141479983
1049,6.512204709723591
1050,6.184043351242631
1051,7.234949889830814
1052,6.117021429069476
1053,7.060526776732555
1054,6.609252217363214
1055,7.325879869259787
1056,5.0090017112593275
1057,8.200621535721789
1058,7.320946354519179
1059,5.987979936732419
1060,7.884110679219939
1061,6.304792835219827
1062,5.244913772762281
1063,6.968088242992575
1064,8.004779106715485
1065,7.153604112512066
1066,6.137450593212715
1067,7.224321288358444
1068,6.6118051710363686
1069,8.820790859364193
1070,7.854399354952035
1071,7.629916809924286
1072,6.7471805521447195
1073,7.976166114492709
1074,7.22021581241934
1075,8.706186027396315
1076,6.675171182547976
1077,7.0330438652968414
1078,7.168527426685514
1079,6.405140278852458
1080,7.428947004472137
1081,7.986308062160814
1082,7.664031027173588
1083,7.092304400869345
1084,5.788329448829307
1085,8.134009835814515
1086,7.357018691357046
1087,7.788885987089889
1088,7.272314420419046
1089,8.2969763086389
1090,6.010448276945875
1091,7.558096677089516
1092,8.989263182158368
1093,-0.12002962545601494
1094,8.096239707903667
1095,6.915161596191365
1096,7.171394641557233
1097,7.431094360822676
1098,8.10856610044902
1099,6.990745819968002
1100,7.708476428852966
1101,7.162382774676192
1102,8.136157192165054
1103,8.36509656285718
1104,7.94766592749352
1105,7.461660847690754
1106,6.819936904061316
1107,7.6575079016403205
1108,7.992192385654549
1109,4.115447615245417
1110,7.0733027345554635
1111,6.432557769182596
1112,7.989963972822359
1113,7.11989549258538
1114,7.392982847914592
1115,7.814329722455386
1116,7.306050164144403
1117,6.721844997059544
1118,7.352642922174319
1119,8.043079856385543
1120,7.7677369644254695
1121,5.28487522497861
1122,7.988455418511352
1123,7.091093263600631
1124,7.937037326021149
1125,8.337126997617203
1126,7.033233102058813
1127,8.146893973917745
1128,7.13275250688994
1129,7.357018691357046
1130,7.1326443266096184
1131,8.073240745931004
1132,9.283499560152
1133,7.274380720287934
1134,6.6675990327093
1135,7.431094360822676
1136,7.069008021854387
1137,2.1706849386577654
1138,7.395211260746782
1139,7.3596966694667945
1140,8.221392084862265
1141,7.475539762502054
1142,6.972464012175302
1143,5.779658966945501
1144,7.287048497830521
1145,7.295800036195978
1146,7.083823155747513
1147,7.958186348685569
1148,6.08871047883226
1149,7.719743832364868
1150,7.732492666389107
1151,7.695619414548405
1152,8.381383162534606
1153,7.949624047082084
1154,7.6139715952441
1155,8.380253081747544
1156,7.1241630814877865
1157,7.58780800135742
1158,7.517837807830893
1159,6.356291984191682
1160,6.661265143938007
1161,8.092161355763233
1162,7.321054534799501
1163,7.198985733273268
1164,7.558735479129047
1165,8.10633768761683
1166,7.3253492475005775
1167,7.693472058197866
1168,6.366920585664053
1169,7.53868941345302
1170,6.692295785754944
1171,7.662522472862581
1172,7.026709976525548
1173,7.621543745082775
1174,7.557988496809195
1175,5.448030934564968
1176,7.841920814171421
1177,7.664031027173588
1178,9.543946261737295
1179,6.698440437764265
1180,8.153011502128397
1181,6.256880759640877
1182,8.721082217771093
1183,7.735959340288679
1184,8.35491752666237
1185,5.8163429820242305
1186,7.251084341272976
1187,7.442361764334578
1188,7.255460110455703
1189,8.603799407693469
1190,7.1588350442949675
1191,6.9420057055875475
1192,6.745780178114034
1193,7.641373450198161
1194,7.668217559594344
1195,7.652953906128433
1196,8.42172308827488
1197,6.545464810077494
1198,7.009747486281883
1199,8.144449200524912
1200,8.113158230192388
1201,8.06403964228799
1202,7.53554728039441
1203,6.620286416158201
1204,6.5871894744723765
1205,8.318125331303321
1206,9.106464935754342
1207,6.963793530291499
1208,8.68858473511312
1209,6.940605331556862
1210,7.664031027173588
1211,6.0459639139306365
1212,7.915888303356729
1213,7.899564615152596
1214,8.012022090769934
1215,6.307470813329575
1216,8.633618912241692
1217,7.763442251724393
1218,7.138897158899262
1219,6.567359769356991
1220,7.553991201150413
1221,8.030942700602164
1222,9.407062326317938
1223,7.69366129495984
1224,7.714810317624259
1225,7.310236696565158
1226,8.536138683480782
1227,7.515690451480355
1228,6.914522794151834
1229,6.841956724701985
1230,7.8946311004119885
1231,7.179156028157884
1232,8.745887151097058
1233,4.589802193069072
1234,6.491136743540823
1235,8.091711790485675
1236,6.751475264845796
1237,7.399424916966207
1238,6.830754742295658
1239,7.557539977236413
1240,7.126229381356675
1241,8.400682245890783
1242,7.105842976388182
1243,7.979335371349989
1244,7.85297185712268
1245,7.8819633228694
1246,7.8079958336840924
1247,4.230052447213294
1248,6.735232633123315
1249,7.224510525120417
1250,7.747350559456981
1251,5.946255272337536
1252,8.400682245890783
1253,7.577098343403397
1254,7.526319052952726
1255,7.911701770935974
1256,8.015488764669508
1257,6.650636542465636
1258,6.879386676395791
1259,7.999165076465375
1260,7.230655177129737
1261,7.9464276664261355
1262,8.946965136829528
1263,8.591131630150882
1264,6.904641174999316
1265,7.221535129968374
1266,7.4607246286089275
1267,7.414131870579012
1268,7.863789695357024
1269,7.689555819020737
1270,7.152582212005326
1271,7.5631540074865224
1272,7.071155378204926
1273,7.2686585097575005
1274,7.515798631760676
1275,8.05952856902627
1276,6.150880988451229
1277,6.666960230669769
1278,7.685098993356355
1279,0.719283131150914
1280,7.547657312379119
1281,7.72543891909663
1282,7.755707988922413
1283,7.096599113570422
1284,6.282324495006374
1285,8.429182432889972
1286,6.504740740165237
1287,6.587000237710403
1288,7.431094360822676
1289,8.208166561761795
1290,6.140507044846408
1291,7.054111831479609
1292,7.5453207192666065
1293,8.356317900693055
1294,7.685098993356355
1295,7.455029541877165
1296,6.4382100967396125
1297,8.394618650363112
1298,7.319545980488493
1299,7.16227459439587
1300,9.283607740432322
1301,7.742293229059973
1302,7.712662961273721
1303,7.452135203206774
1304,7.200305050822304
1305,3.004832021511946
1306,7.4161981704479
1307,6.68373348415146
1308,8.972489928676676
1309,7.6766988047161755
1310,5.875711697877056
1311,7.2922523058147535
1312,7.517837807830893
1313,7.265710238404128
1314,6.7055213088554115
1315,8.066906857159712
1316,7.207656215157074
1317,7.874310116549073
1318,6.42637035799853
1319,7.338466590320724
1320,6.469987720876403
1321,7.615290912793133
1322,7.434004334869144
1323,7.3062394009063745
1324,8.085188664952408
1325,8.179094039533425
1326,8.277866462044699
1327,7.00341359751059
1328,7.465739199831188
1329,6.112915953130373
1330,7.386648959143298
1331,6.984411931196709
1332,7.500794261105579
1333,7.270275244348829
1334,8.071390806622759
1335,7.556138557500951
1336,6.980414635537925
1337,7.653213188939244
1338,6.63920702599043
1339,8.036367494090301
1340,7.380125833610032
1341,9.027644988310076
1342,5.960989349749012
1343,7.774709655236295
1344,7.5921027140584965
1345,6.978078042425414
1346,6.758826429180567
1347,8.253061528718733
1348,7.757108362953099
1349,7.359885906228768
1350,7.022415263824471
1351,7.160235418325653
1352,7.37398118160071
1353,7.673151074334951
1354,7.34220355746392
1355,8.706077847115994
1356,7.577098343403397
1357,7.082612018478799
1358,7.194160398812982
1359,6.3838830759077165
1360,7.6435208065486995
1361,7.73659814232821
1362,7.443762138365264
1363,7.7677369644254695
1364,6.7875204778849945
1365,7.222173932007905
1366,4.1812312763511885
1367,7.865109012906058
1368,7.8734010212659165
1369,7.968598589597296
1370,7.370514507701138
1371,6.6541032163652085
1372,7.284901141479983
1373,8.007007519547676
1374,6.880516757182853
1375,7.146059086472058
1376,6.648597366395419
1377,5.357116590512073
1378,6.707668665205949
1379,7.065271054711189
1380,6.643393558411185
1381,7.979335371349989
1382,7.160046181563682
1383,7.663841790411615
1384,7.071344614966898
1385,7.115492599603982
1386,7.628066870616042
1387,7.160235418325653
1388,8.341502766799929
1389,8.134009835814515
1390,6.294083177265807
1391,7.579245699753935
1392,6.622244535746765
1393,7.0422877281146015
1394,7.262432801266527
1395,7.579245699753935
1396,7.842451435930631
1397,8.483022799917602
1398,7.960144468274134
1399,7.641373450198161
1400,7.242603096151143
1401,7.738745498678749
1402,7.596100009717278
1403,7.623772157914965
1404,7.721144206395554
1405,6.935779997096575
1406,5.527163934427604
1407,7.209506154465318
1408,7.081594742915323
1409,8.326606576425153
1410,7.401355912756102
1411,7.0733027345554635
1412,7.797367232211721
1413,6.703563189266847
1414,7.16227459439587
1415,8.001501669577884
1416,7.297758155784543
1417,6.389578162639479
1418,0.6137272545907877
1419,7.568617098281565
1420,7.001374421440373
1421,7.7049286984717416
1422,7.399316736685885
1423,6.833923999152937
1424,7.3365084707321575
1425,7.505170030288306
1426,7.409837157877934
1427,7.0903462812807785
1428,6.893373771487414
1429,7.3908354915640535
1430,8.083149488882192
1431,6.536220947259732
1432,7.028938389357736
1433,6.033744655960833
1434,6.6717855651300555
1435,7.784699454669134
1436,7.189676449349934
1437,7.001455477922023
1438,8.346436281540537
1439,7.848866381183576
1440,7.567297780732531
1441,7.656150286784381
1442,7.467058517380222
1443,7.568617098281565
1444,7.549507251687362
1445,7.41627922692955
1446,7.078128069015751
1447,7.742293229059973
1448,7.935528771710142
1449,6.894012573526945
1450,7.101613684792681
1451,6.482655498418991
1452,6.079018096441713
1453,7.64073464815863
1454,7.998526274425844
1455,6.819406282302106
1456,7.3345503511435926
1457,7.776218209547302
1458,7.166569307096947
1459,6.633674052221972
1460,6.7643322791503575
1461,7.745268624212017
1462,7.3153594480677375
1463,6.395722814648799
1464,8.254489026548088
1465,6.010448276945875
1466,7.978097110282604
1467,6.779596978321041
1468,7.41627922692955
1469,6.315313256411876
1470,8.140181611622506
1471,9.620169287553463
1472,7.536947654425096
1473,7.900964989183282
1474,6.804401911647006
1475,3.6421103129852392
1476,8.668263751250205
1477,5.7487904380918655
1478,7.73659814232821
1479,7.431094360822676
1480,7.357018691357046
1481,6.401716364127633
1482,7.560135853159733
1483,7.313254850891946
1484,4.251201469877713
1485,7.417188322212707
1486,8.214121977009144
1487,8.57221102031865
1488,6.957567821800526
1489,7.715638356425765
1490,7.630853029006112
1491,7.4945414288159355
1492,7.314720646028206
1493,8.390053644418412
1494,7.124082025006135
1495,6.805121770168189
1496,7.577287580165371
1497,7.443762138365264
1498,6.538179066848296
1499,7.085970512098052
1500,6.705645124511809
1501,7.304092044555836
1502,7.170485546274079
1503,7.903940384335325
1504,8.085080484672087
1505,7.903409762576115
1506,7.414131870579012
1507,6.978078042425414
1508,7.039377754068135
1509,8.047077152044324
1510,5.913838846161214
1511,6.93446067954754
1512,6.700695974395124
1513,8.2122720377009
1514,6.629487519801216
1515,7.045819823119751
1516,7.284901141479983
1517,7.44858747282555
1518,4.959623840544117
1519,8.26734604085265
1520,7.365499936478878
1521,7.810035009754309
1522,7.4655927222439615
1523,6.956929019760995
1524,8.906517030808931
1525,7.6958086513103785
1526,8.454247694731524
1527,7.748816354593241
1528,7.056151007549826
1529,7.583432232174691
1530,6.342985404609563
1531,6.514162829312157
1532,7.073383791037115
1533,4.278603324831777
1534,7.1578988252131435
1535,8.284308531096313
1536,7.748437881069293
1537,7.406478664258684
1538,7.607854067033449
1539,9.43398749219577
1540,7.236269207379849
1541,6.569317888945555
1542,5.774234173457362
1543,6.944342298700057
1544,8.125636770973005
1545,7.198238750953416
1546,7.695619414548405
1547,8.966156039905384
1548,6.002795070625545
1549,6.71094610234355
1550,8.641991977083203
1551,7.3485374462352135
1552,7.888216155159043
1553,8.69306868457617
1554,7.294210425403318
1555,7.093175198845595
1556,7.3949409675031585
1557,7.333830492622409
1558,8.121044641229632
1559,7.930784493731507
1560,6.0441840206712305
1561,6.3768022048165705
1562,6.296122353336024
1563,6.347853498244596
1564,8.136157192165054
1565,6.673932921480594
1566,7.609595826061371
1567,5.937135225176172
1568,7.357018691357046
1569,7.110094929914513
1570,6.4170610740751926
1571,7.3345503511435926
1572,7.435280893243432
1573,7.118386938274373
1574,7.126229381356675
1575,6.70989707803814
1576,6.84251342455509
1577,6.957799817737245
1578,7.163102633197375
1579,7.945599627624634
1580,8.104379568028264
1581,6.886931702435799
1582,5.649189976779089
1583,6.64143543882262
1584,6.592695324442166
1585,7.72543891909663
1586,6.9188175068529105
1587,7.507766951916404
1588,8.938294654945722
1589,7.354871335006507
1590,7.368286094868948
1591,7.450177083618209
1592,6.68373348415146
1593,8.29912366498944
1594,6.6209252181977325
1595,7.735959340288679
1596,7.691513938609301
1597,6.925151395624204
1598,6.718378323159972
1599,7.290104949464215
1600,6.990556583206029
1601,7.313401328479173
1602,8.197456903807774
1603,7.831292212699051
1604,3.9004252935960735
1605,7.8969676935245
1606,7.2277879622580175
1607,5.0030902639669215
1608,7.063502171884596
1609,7.431094360822676
1610,7.710434548441531
1611,7.458577272258389
1612,6.948447774639162
1613,7.071344614966898
1614,5.482036971533948
1615,7.7677369644254695
1616,7.43965666242616
1617,7.727478095166847
1618,7.365499936478878
1619,7.812101309623196
1620,6.692295785754944
1621,7.600286542138034
1622,6.935779997096575
1623,7.602433898488572
1624,6.44314361148022
1625,7.86296165655552
1626,7.146182902128457
1627,7.062674133083093
1628,7.3273884235707945
1629,7.48036509696234
1630,7.782552098318596
1631,8.955527438433013
1632,8.58721539097375
1633,8.426207037737928
1634,8.110713456799557
1635,7.378167714021465
1636,7.0633129351226245
1637,7.884110679219939
1638,5.939348002632285
1639,7.330109160855288
1640,6.359758658091254
1641,7.121934668655597
1642,7.129096596228394
1643,6.551036081152858
1644,6.294164233747456
1645,7.621543745082775
1646,8.65672605449468
1647,7.910193216624966
1648,6.969407560541609
1649,7.728306133968352
1650,7.967495632608906
1651,4.691550010732389
1652,6.392298899923974
1653,5.791115607219377
1654,7.94766592749352
1655,7.788885987089889
1656,7.357018691357046
1657,7.810332426796604
1658,6.838407948615987
1659,7.107308771524443
1660,7.681524139176462
1661,7.714810317624259
1662,8.051452921227053
1663,7.810035009754309
1664,8.72537693047217
1665,8.112860813150096
1666,8.13596795540308
1667,6.9238320780751685
1668,7.70428989643221
1669,6.400017527349876
1670,5.775553491006399
1671,7.169166228725045
1672,7.476367801303558
1673,5.966002875266497
1674,5.117764978908216
1675,7.454201503075662
1676,7.211734567297508
1677,8.309563029699836
1678,6.848479850235252
1679,6.832647440778651
1680,7.139086395661233
1681,7.242792332913115
1682,7.69366129495984
1683,7.1175588994728685
1684,6.63080683735025
1685,8.368796441473672
1686,8.568024487897894
1687,7.727397038685195
1688,8.127486710281248
1689,7.714810317624259
1690,7.435280893243432
1691,8.652620578555574
1692,8.345608242739035
1693,7.829864714869696
1694,7.966748650289053
1695,6.3345041594877305
1696,6.902044253371218
1697,7.093132439670848
1698,7.2830512021717375
1699,6.958968195831211
1700,7.913930183768165
1701,8.853698564288043
1702,7.769695084014034
1703,8.167826636021523
1704,8.009793677937745
1705,8.606217057287632
1706,7.938546926036931
1707,7.042163912458205
1708,7.123703551482189
1709,7.980352646913464
1710,7.259565586394808
1711,7.589955357707958
1712,7.795219875861183
1713,7.31095655508634
1714,7.565069367900341
1715,8.248425431020417
1716,7.03519122164738
1717,8.089564434135138
1718,7.321693336839031
1719,6.984411931196709
1720,7.122951944219074
1721,7.443843194846916
1722,7.295529742952353
1723,7.579245699753935
1724,8.487614929660971
1725,7.653213188939244
1726,7.176900491527024
1727,6.292953096478744
1728,7.79111439992208
1729,7.242792332913115
1730,7.503850712739272
1731,7.9348899696706106
1732,6.462145277794102
1733,8.388014468348196
1734,5.2110315514496985
1735,7.304811903077019
1736,8.752778785426232
1737,6.874372105173533
1738,7.797367232211721
1739,6.4170610740751926
1740,7.642692767747195
1741,6.935779997096575
1742,8.417536555854126
1743,7.440295464465692
1744,7.831184032418729
1745,6.411176750581457
1746,6.521595050128579
1747,7.430986180542354
1748,7.998634454706165
1749,7.184170599380143
1750,6.973972566486309
1751,7.3062394009063745
1752,6.656418356327087
1753,8.41844565113728
1754,6.8954400713563
1755,5.0415419530920484
1756,7.208867352425786
1757,7.73659814232821
1758,7.170566602755731
1759,6.861515090868972
1760,6.256691522878903
1761,6.986640344028897
1762,7.275208759089437
1763,7.093132439670848
1764,5.70773065383041
1765,7.316868002378745
1766,7.754961006602561
1767,7.737917459877244
1768,6.87641128124375
1769,7.790844106678454
1770,7.4945414288159355
1771,7.667006422325631
1772,7.7465879417610495
1773,7.471353230081299
1774,6.63080683735025
1775,9.186235691951733
1776,7.896697400280875
1777,7.723291562746092
1778,7.416360283411202
1779,7.886258035570478
1780,6.1161123337863215
1781,7.549615431967684
1782,7.420573939630627
1783,8.483320216959894
1784,5.682367974946565
1785,6.681694308081243
1786,5.923894066699629
1787,7.484659809663417
1788,7.272422600699367
1789,8.706186027396315
1790,7.735959340288679
1791,7.450096027136557
1792,7.4818736512733475
1793,7.744440585410512
1794,6.201086897967945
1795,6.430367653657312
1796,7.137388604588255
1797,6.564190512499712
1798,6.3727238526761365
1799,7.147270223740772
1800,6.697040063733579
1801,8.391070919981887
1802,7.441804018776699
1803,7.729625451517386
1804,7.750774474181806
1805,7.992003148892576
1806,9.152418891744727
1807,6.868677018441771
1808,7.642692767747195
1809,5.8235476687717735
1810,7.261604762465025
1811,8.363669065027826
1812,7.6343197029056835
1813,4.1269042555192925
1814,7.708476428852966
1815,7.266088711928074
1816,4.7390135667385564
1817,7.4945414288159355
1818,7.1267600031158835
1819,6.718486503440293
1820,7.642692767747195
1821,8.745887151097058
1822,7.435280893243432
1823,7.435199836761781
1824,7.274461776769584
1825,7.167208109136478
1826,7.3345503511435926
1827,6.948447774639162
1828,7.169247285206695
1829,7.054874449175539
1830,7.532842178485993
1831,8.085080484672087
1832,6.4705183426356125
1833,7.810035009754309
1834,7.989963972822359
1835,7.560244033440054
1836,8.005498965236669
1837,7.469503290773055
1838,7.454201503075662
1839,7.443870318645585
1840,6.833923999152937
1841,7.507317386638844
1842,7.831184032418729
1843,6.452944174151087
1844,7.251084341272976
1845,7.452243383487096
1846,7.2009594882379115
1847,6.904002372959785
1848,7.365499936478878
1849,7.031724547747806
1850,7.89690348119912
1851,7.8734010212659165
1852,7.3273884235707945
1853,6.865701623289727
1854,7.441614782014725
1855,7.242603096151143
1856,8.409883349533796
1857,9.012559561173326
1858,8.428165157326497
1859,6.8942018102889175
1860,6.9552041048893445
1861,6.603323925914537
1862,7.401355912756102
1863,6.990745819968002
1864,6.961754354221282
1865,7.555949320738978
1866,7.577287580165371
1867,5.6260017780444525
1868,8.142572137417996
1869,5.9435345350530415
1870,7.094343576939562
1871,7.09426252045791
1872,7.314531409266235
1873,6.159130237636345
1874,8.039423945723996
1875,5.985832580381881
1876,7.553801964388439
1877,6.6229643942679495
1878,8.366946502165424
1879,8.036637787333927
1880,7.946346609944486
1881,7.284901141479983
1882,8.125528590692683
1883,6.866827079133525
1884,7.301863631723647
1885,7.225640605907479
1886,8.017446884258073
1887,6.5355821452202
1888,8.24394148155737
1889,7.316570585336452
1890,7.272314420419046
1891,6.98226457484617
1892,7.803511884221042
1893,7.17568935425831
1894,7.335869668692626
1895,8.93867312846967
1896,7.212972828364892
1897,5.687344248861921
1898,8.146677613357102
1899,6.35843934054222
1900,5.653295452718193
1901,7.177089728288996
1902,7.275100578809115
1903,7.168419246405192
1904,7.69366129495984
1905,6.522914367677613
1906,6.084523946411505
1907,8.962651068698905
1908,7.3887963154938365
1909,8.957782975063871
1910,7.189676449349934
1911,8.000484394014409
1912,7.0924125811496666
1913,5.981456811199155
1914,8.123300177860493
1915,7.4447794139287415
1916,7.526957854992257
1917,7.428947004472137
1918,7.198157694471766
1919,5.295612006731302
1920,8.193270371387019
1921,7.497327587206005
1922,7.148098262542275
1923,7.319735217250467
1924,6.1714566301816935
1925,7.498836141517012
1926,6.639288082472082
1927,6.251866188418616
1928,6.916670150502372
1929,7.187718329761367
1930,8.565958188029008
1931,8.197456903807774
1932,7.16219353791422
1933,7.399316736685885
1934,7.314720646028206
1935,7.7804047419680575
1936,4.770451014658304
1937,7.954719674785997
1938,8.975276087066746
1939,8.652620578555574
1940,7.845918109830203
1941,7.968706769877618
1942,8.034409374501736
1943,6.277309923784113
1944,7.772031677126547
1945,8.90328235284608
1946,5.366793337526541
1947,7.636737352499848
1948,6.7988306405716425
1949,7.20321502486877
1950,7.452243383487096
1951,7.021138705450182
1952,6.9590763761115335
1953,8.877075999784653
1954,7.420465759350305
1955,7.234949889830814
1956,6.730137005419403
1957,6.698737854806559
1958,7.706248016020775
1959,6.699230179258864
1960,6.698548618044586
1961,6.63080683735025
1962,7.3273884235707945
1963,7.2922523058147535
1964,8.119194701921389
1965,7.177197908569317
1966,6.901855016609247
1967,7.5432815431963895
1968,7.735959340288679
1969,7.041525110418673
1970,7.258327325327424
1971,6.828607385945119
1972,7.420573939630627
1973,7.38450160279276
1974,7.676806984996497
1975,6.0422259010826656
1976,6.504675319059661
1977,8.733300430036122
1978,5.987260078211238
1979,7.403611449386962
1980,7.2539515561446954
1981,7.682951637005817
1982,7.4586854525387105
1983,7.361205223777802
1984,7.169436521968668
1985,5.859127681157336
1986,7.8734010212659165
1987,8.290912713111231
1988,7.258435505607746
1989,8.411391903844804
1990,7.071155378204926
1991,7.875629434098107
1992,8.01736582777642
1993,4.486777817031468
1994,8.089753670897109
1995,5.828480137807608
1996,7.240644976562577
1997,7.799406408281938
1998,7.058487600662338
1999,5.378141797520093
2000,5.718061838260487
